cell_id,sample_id,id,clone_id
SA1090-A96213A-R20-C09,SA1090,0,1
SA1090-A96213A-R20-C11,SA1090,1,1
SA1090-A96213A-R20-C12,SA1090,2,8
SA1090-A96213A-R20-C13,SA1090,3,10
SA1090-A96213A-R20-C17,SA1090,4,11
SA1090-A96213A-R20-C19,SA1090,5,1
SA1090-A96213A-R20-C21,SA1090,6,10
SA1090-A96213A-R20-C22,SA1090,7,8
SA1090-A96213A-R20-C24,SA1090,8,1
SA1090-A96213A-R20-C25,SA1090,9,10
SA1090-A96213A-R20-C27,SA1090,10,1
SA1090-A96213A-R20-C28,SA1090,11,11
SA1090-A96213A-R20-C30,SA1090,12,1
SA1090-A96213A-R20-C33,SA1090,13,1
SA1090-A96213A-R20-C35,SA1090,14,1
SA1090-A96213A-R20-C37,SA1090,15,10
SA1090-A96213A-R20-C43,SA1090,16,11
SA1090-A96213A-R20-C47,SA1090,17,1
SA1090-A96213A-R20-C48,SA1090,18,10
SA1090-A96213A-R20-C50,SA1090,19,10
SA1090-A96213A-R20-C56,SA1090,20,10
SA1090-A96213A-R20-C61,SA1090,21,1
SA1090-A96213A-R20-C62,SA1090,22,10
SA1090-A96213A-R20-C63,SA1090,23,10
SA1090-A96213A-R20-C64,SA1090,24,11
SA1090-A96213A-R22-C17,SA1090,25,1
SA1090-A96213A-R22-C21,SA1090,26,1
SA1090-A96213A-R22-C22,SA1090,27,10
SA1090-A96213A-R22-C24,SA1090,28,1
SA1090-A96213A-R22-C26,SA1090,29,10
SA1090-A96213A-R22-C27,SA1090,30,10
SA1090-A96213A-R22-C28,SA1090,31,8
SA1090-A96213A-R22-C31,SA1090,32,1
SA1090-A96213A-R22-C32,SA1090,33,10
SA1090-A96213A-R22-C33,SA1090,34,10
SA1090-A96213A-R22-C37,SA1090,35,8
SA1090-A96213A-R22-C39,SA1090,36,10
SA1090-A96213A-R22-C40,SA1090,37,1
SA1090-A96213A-R22-C45,SA1090,38,11
SA1090-A96213A-R22-C46,SA1090,39,11
SA1090-A96213A-R22-C47,SA1090,40,1
SA1090-A96213A-R22-C48,SA1090,41,1
SA1090-A96213A-R22-C49,SA1090,42,8
SA1090-A96213A-R22-C50,SA1090,43,1
SA1090-A96213A-R24-C12,SA1090,44,10
SA1090-A96213A-R24-C13,SA1090,45,1
SA1090-A96213A-R24-C14,SA1090,46,1
SA1090-A96213A-R24-C15,SA1090,47,1
SA1090-A96213A-R24-C16,SA1090,48,8
SA1090-A96213A-R24-C18,SA1090,49,10
SA1090-A96213A-R24-C20,SA1090,50,1
SA1090-A96213A-R24-C22,SA1090,51,8
SA1090-A96213A-R24-C23,SA1090,52,8
SA1090-A96213A-R24-C24,SA1090,53,11
SA1090-A96213A-R24-C27,SA1090,54,11
SA1090-A96213A-R24-C31,SA1090,55,1
SA1090-A96213A-R24-C32,SA1090,56,10
SA1090-A96213A-R24-C33,SA1090,57,11
SA1090-A96213A-R24-C34,SA1090,58,11
SA1090-A96213A-R24-C35,SA1090,59,1
SA1090-A96213A-R24-C37,SA1090,60,8
SA1090-A96213A-R24-C39,SA1090,61,1
SA1090-A96213A-R24-C42,SA1090,62,10
SA1090-A96213A-R24-C43,SA1090,63,1
SA1090-A96213A-R24-C44,SA1090,64,1
SA1090-A96213A-R24-C46,SA1090,65,8
SA1090-A96213A-R24-C47,SA1090,66,10
SA1090-A96213A-R24-C48,SA1090,67,10
SA1090-A96213A-R24-C54,SA1090,68,1
SA1090-A96213A-R24-C59,SA1090,69,8
SA1090-A96213A-R24-C63,SA1090,70,11
SA1090-A96213A-R24-C64,SA1090,71,10
SA1090-A96213A-R24-C65,SA1090,72,10
SA1090-A96213A-R24-C66,SA1090,73,1
SA1090-A96213A-R24-C67,SA1090,74,8
SA1090-A96213A-R24-C70,SA1090,75,8
SA1090-A96213A-R25-C10,SA1090,76,1
SA1090-A96213A-R25-C11,SA1090,77,10
SA1090-A96213A-R25-C12,SA1090,78,11
SA1090-A96213A-R25-C14,SA1090,79,10
SA1090-A96213A-R25-C16,SA1090,80,10
SA1090-A96213A-R25-C17,SA1090,81,8
SA1090-A96213A-R25-C18,SA1090,82,8
SA1090-A96213A-R25-C19,SA1090,83,1
SA1090-A96213A-R25-C20,SA1090,84,11
SA1090-A96213A-R25-C21,SA1090,85,10
SA1090-A96213A-R25-C23,SA1090,86,8
SA1090-A96213A-R25-C25,SA1090,87,11
SA1090-A96213A-R25-C28,SA1090,88,8
SA1090-A96213A-R25-C30,SA1090,89,10
SA1090-A96213A-R25-C31,SA1090,90,10
SA1090-A96213A-R25-C32,SA1090,91,8
SA1090-A96213A-R25-C35,SA1090,92,1
SA1090-A96213A-R25-C39,SA1090,93,10
SA1090-A96213A-R25-C42,SA1090,94,10
SA1090-A96213A-R25-C43,SA1090,95,1
SA1090-A96213A-R25-C44,SA1090,96,11
SA1090-A96213A-R25-C46,SA1090,97,10
SA1090-A96213A-R25-C47,SA1090,98,10
SA1090-A96213A-R25-C49,SA1090,99,8
SA1090-A96213A-R25-C52,SA1090,100,1
SA1090-A96213A-R25-C54,SA1090,101,8
SA1090-A96213A-R25-C56,SA1090,102,1
SA1090-A96213A-R25-C60,SA1090,103,10
SA1090-A96213A-R25-C64,SA1090,104,1
SA1090-A96213A-R25-C66,SA1090,105,10
SA1090-A96213A-R25-C67,SA1090,106,1
SA1090-A96213A-R25-C68,SA1090,107,1
SA1090-A96213A-R26-C07,SA1090,108,11
SA1090-A96213A-R26-C09,SA1090,109,1
SA1090-A96213A-R26-C11,SA1090,110,11
SA1090-A96213A-R26-C12,SA1090,111,1
SA1090-A96213A-R26-C15,SA1090,112,11
SA1090-A96213A-R26-C16,SA1090,113,10
SA1090-A96213A-R26-C18,SA1090,114,8
SA1090-A96213A-R26-C19,SA1090,115,10
SA1090-A96213A-R26-C20,SA1090,116,11
SA1090-A96213A-R26-C21,SA1090,117,8
SA1090-A96213A-R26-C23,SA1090,118,8
SA1090-A96213A-R26-C25,SA1090,119,10
SA1090-A96213A-R26-C27,SA1090,120,11
SA1090-A96213A-R26-C32,SA1090,121,10
SA1090-A96213A-R26-C33,SA1090,122,8
SA1090-A96213A-R26-C36,SA1090,123,10
SA1090-A96213A-R26-C37,SA1090,124,1
SA1090-A96213A-R26-C39,SA1090,125,11
SA1090-A96213A-R26-C43,SA1090,126,8
SA1090-A96213A-R26-C45,SA1090,127,8
SA1090-A96213A-R26-C48,SA1090,128,8
SA1090-A96213A-R26-C49,SA1090,129,8
SA1090-A96213A-R26-C50,SA1090,130,11
SA1090-A96213A-R26-C55,SA1090,131,10
SA1090-A96213A-R26-C60,SA1090,132,10
SA1090-A96213A-R26-C61,SA1090,133,8
SA1090-A96213A-R26-C62,SA1090,134,10
SA1090-A96213A-R26-C65,SA1090,135,8
SA1090-A96213A-R26-C67,SA1090,136,10
SA1090-A96213A-R26-C69,SA1090,137,8
SA1090-A96213A-R26-C70,SA1090,138,10
SA1090-A96213A-R27-C07,SA1090,139,11
SA1090-A96213A-R27-C09,SA1090,140,11
SA1090-A96213A-R27-C12,SA1090,141,10
SA1090-A96213A-R27-C15,SA1090,142,11
SA1090-A96213A-R27-C19,SA1090,143,8
SA1090-A96213A-R27-C21,SA1090,144,8
SA1090-A96213A-R27-C26,SA1090,145,1
SA1090-A96213A-R27-C30,SA1090,146,1
SA1090-A96213A-R27-C33,SA1090,147,10
SA1090-A96213A-R27-C34,SA1090,148,10
SA1090-A96213A-R27-C37,SA1090,149,10
SA1090-A96213A-R27-C43,SA1090,150,8
SA1090-A96213A-R27-C44,SA1090,151,11
SA1090-A96213A-R27-C45,SA1090,152,11
SA1090-A96213A-R27-C48,SA1090,153,11
SA1090-A96213A-R27-C49,SA1090,154,8
SA1090-A96213A-R27-C51,SA1090,155,11
SA1090-A96213A-R27-C55,SA1090,156,10
SA1090-A96213A-R27-C57,SA1090,157,8
SA1090-A96213A-R27-C58,SA1090,158,8
SA1090-A96213A-R27-C60,SA1090,159,10
SA1090-A96213A-R27-C61,SA1090,160,10
SA1090-A96213A-R27-C62,SA1090,161,8
SA1090-A96213A-R27-C63,SA1090,162,8
SA1090-A96213A-R27-C64,SA1090,163,1
SA1090-A96213A-R27-C66,SA1090,164,10
SA1090-A96213A-R27-C68,SA1090,165,11
SA1090-A96213A-R27-C69,SA1090,166,10
SA1090-A96213A-R28-C08,SA1090,167,1
SA1090-A96213A-R28-C09,SA1090,168,1
SA1090-A96213A-R28-C10,SA1090,169,11
SA1090-A96213A-R28-C11,SA1090,170,1
SA1090-A96213A-R28-C13,SA1090,171,10
SA1090-A96213A-R28-C14,SA1090,172,10
SA1090-A96213A-R28-C15,SA1090,173,10
SA1090-A96213A-R28-C16,SA1090,174,1
SA1090-A96213A-R28-C18,SA1090,175,11
SA1090-A96213A-R28-C20,SA1090,176,11
SA1090-A96213A-R28-C21,SA1090,177,10
SA1090-A96213A-R28-C22,SA1090,178,8
SA1090-A96213A-R28-C23,SA1090,179,11
SA1090-A96213A-R28-C24,SA1090,180,1
SA1090-A96213A-R28-C25,SA1090,181,8
SA1090-A96213A-R28-C26,SA1090,182,1
SA1090-A96213A-R28-C27,SA1090,183,10
SA1090-A96213A-R28-C28,SA1090,184,11
SA1090-A96213A-R28-C29,SA1090,185,10
SA1090-A96213A-R28-C30,SA1090,186,1
SA1090-A96213A-R28-C32,SA1090,187,8
SA1090-A96213A-R28-C33,SA1090,188,8
SA1090-A96213A-R28-C34,SA1090,189,8
SA1090-A96213A-R28-C37,SA1090,190,11
SA1090-A96213A-R28-C38,SA1090,191,8
SA1090-A96213A-R28-C39,SA1090,192,11
SA1090-A96213A-R28-C40,SA1090,193,10
SA1090-A96213A-R28-C42,SA1090,194,8
SA1090-A96213A-R28-C43,SA1090,195,8
SA1090-A96213A-R28-C45,SA1090,196,10
SA1090-A96213A-R28-C47,SA1090,197,10
SA1090-A96213A-R28-C48,SA1090,198,10
SA1090-A96213A-R28-C50,SA1090,199,8
SA1090-A96213A-R28-C51,SA1090,200,8
SA1090-A96213A-R28-C52,SA1090,201,10
SA1090-A96213A-R28-C54,SA1090,202,1
SA1090-A96213A-R28-C55,SA1090,203,8
SA1090-A96213A-R28-C57,SA1090,204,1
SA1090-A96213A-R28-C58,SA1090,205,11
SA1090-A96213A-R28-C59,SA1090,206,11
SA1090-A96213A-R28-C63,SA1090,207,1
SA1090-A96213A-R28-C64,SA1090,208,10
SA1090-A96213A-R28-C65,SA1090,209,1
SA1090-A96213A-R28-C66,SA1090,210,8
SA1090-A96213A-R28-C69,SA1090,211,8
SA1090-A96213A-R28-C70,SA1090,212,11
SA1090-A96213A-R29-C08,SA1090,213,10
SA1090-A96213A-R29-C09,SA1090,214,10
SA1090-A96213A-R29-C10,SA1090,215,11
SA1090-A96213A-R29-C11,SA1090,216,11
SA1090-A96213A-R29-C12,SA1090,217,8
SA1090-A96213A-R29-C15,SA1090,218,8
SA1090-A96213A-R29-C17,SA1090,219,11
SA1090-A96213A-R29-C18,SA1090,220,8
SA1090-A96213A-R29-C33,SA1090,221,11
SA1090-A96213A-R29-C35,SA1090,222,11
SA1090-A96213A-R29-C36,SA1090,223,8
SA1090-A96213A-R29-C38,SA1090,224,10
SA1090-A96213A-R29-C39,SA1090,225,1
SA1090-A96213A-R29-C40,SA1090,226,8
SA1090-A96213A-R29-C41,SA1090,227,10
SA1090-A96213A-R29-C42,SA1090,228,8
SA1090-A96213A-R29-C43,SA1090,229,11
SA1090-A96213A-R29-C44,SA1090,230,8
SA1090-A96213A-R29-C46,SA1090,231,1
SA1090-A96213A-R29-C49,SA1090,232,8
SA1090-A96213A-R29-C50,SA1090,233,10
SA1090-A96213A-R29-C51,SA1090,234,8
SA1090-A96213A-R29-C54,SA1090,235,8
SA1090-A96213A-R29-C55,SA1090,236,11
SA1090-A96213A-R29-C56,SA1090,237,10
SA1090-A96213A-R29-C58,SA1090,238,11
SA1090-A96213A-R29-C59,SA1090,239,1
SA1090-A96213A-R29-C60,SA1090,240,10
SA1090-A96213A-R29-C61,SA1090,241,11
SA1090-A96213A-R29-C62,SA1090,242,11
SA1090-A96213A-R29-C64,SA1090,243,1
SA1090-A96213A-R29-C68,SA1090,244,11
SA1090-A96213A-R29-C69,SA1090,245,1
SA1090-A96213A-R29-C70,SA1090,246,10
SA1090-A96213A-R30-C07,SA1090,247,1
SA1090-A96213A-R30-C08,SA1090,248,1
SA1090-A96213A-R30-C09,SA1090,249,11
SA1090-A96213A-R30-C10,SA1090,250,1
SA1090-A96213A-R30-C11,SA1090,251,1
SA1090-A96213A-R30-C13,SA1090,252,11
SA1090-A96213A-R30-C14,SA1090,253,1
SA1090-A96213A-R30-C15,SA1090,254,10
SA1090-A96213A-R30-C17,SA1090,255,8
SA1090-A96213A-R30-C18,SA1090,256,10
SA1090-A96213A-R30-C31,SA1090,257,11
SA1090-A96213A-R30-C34,SA1090,258,11
SA1090-A96213A-R30-C35,SA1090,259,1
SA1090-A96213A-R30-C36,SA1090,260,10
SA1090-A96213A-R30-C38,SA1090,261,11
SA1090-A96213A-R30-C39,SA1090,262,10
SA1090-A96213A-R30-C41,SA1090,263,1
SA1090-A96213A-R30-C42,SA1090,264,10
SA1090-A96213A-R30-C44,SA1090,265,8
SA1090-A96213A-R30-C47,SA1090,266,1
SA1090-A96213A-R30-C49,SA1090,267,10
SA1090-A96213A-R30-C50,SA1090,268,10
SA1090-A96213A-R30-C51,SA1090,269,10
SA1090-A96213A-R30-C52,SA1090,270,11
SA1090-A96213A-R30-C54,SA1090,271,11
SA1090-A96213A-R30-C55,SA1090,272,1
SA1090-A96213A-R30-C56,SA1090,273,1
SA1090-A96213A-R30-C57,SA1090,274,10
SA1090-A96213A-R30-C58,SA1090,275,8
SA1090-A96213A-R30-C60,SA1090,276,1
SA1090-A96213A-R30-C61,SA1090,277,10
SA1090-A96213A-R30-C62,SA1090,278,10
SA1090-A96213A-R30-C63,SA1090,279,11
SA1090-A96213A-R30-C65,SA1090,280,11
SA1090-A96213A-R30-C66,SA1090,281,10
SA1090-A96213A-R30-C67,SA1090,282,10
SA1090-A96213A-R30-C70,SA1090,283,11
SA1090-A96213A-R31-C08,SA1090,284,10
SA1090-A96213A-R31-C09,SA1090,285,1
SA1090-A96213A-R31-C10,SA1090,286,8
SA1090-A96213A-R31-C11,SA1090,287,8
SA1090-A96213A-R31-C12,SA1090,288,11
SA1090-A96213A-R31-C13,SA1090,289,8
SA1090-A96213A-R31-C15,SA1090,290,8
SA1090-A96213A-R31-C16,SA1090,291,1
SA1090-A96213A-R31-C17,SA1090,292,11
SA1090-A96213A-R31-C34,SA1090,293,1
SA1090-A96213A-R31-C35,SA1090,294,10
SA1090-A96213A-R31-C37,SA1090,295,8
SA1090-A96213A-R31-C39,SA1090,296,8
SA1090-A96213A-R31-C40,SA1090,297,10
SA1090-A96213A-R31-C41,SA1090,298,8
SA1090-A96213A-R31-C42,SA1090,299,8
SA1090-A96213A-R31-C43,SA1090,300,1
SA1090-A96213A-R31-C48,SA1090,301,10
SA1090-A96213A-R31-C49,SA1090,302,8
SA1090-A96213A-R31-C54,SA1090,303,10
SA1090-A96213A-R31-C55,SA1090,304,10
SA1090-A96213A-R31-C56,SA1090,305,8
SA1090-A96213A-R31-C58,SA1090,306,10
SA1090-A96213A-R31-C59,SA1090,307,10
SA1090-A96213A-R31-C60,SA1090,308,1
SA1090-A96213A-R31-C62,SA1090,309,1
SA1090-A96213A-R31-C63,SA1090,310,10
SA1090-A96213A-R31-C68,SA1090,311,10
SA1090-A96213A-R31-C69,SA1090,312,11
SA1090-A96213A-R31-C70,SA1090,313,1
SA1090-A96213A-R32-C08,SA1090,314,10
SA1090-A96213A-R32-C10,SA1090,315,1
SA1090-A96213A-R32-C11,SA1090,316,10
SA1090-A96213A-R32-C12,SA1090,317,10
SA1090-A96213A-R32-C13,SA1090,318,1
SA1090-A96213A-R32-C14,SA1090,319,1
SA1090-A96213A-R32-C15,SA1090,320,1
SA1090-A96213A-R32-C35,SA1090,321,11
SA1090-A96213A-R32-C37,SA1090,322,10
SA1090-A96213A-R32-C38,SA1090,323,11
SA1090-A96213A-R32-C40,SA1090,324,8
SA1090-A96213A-R32-C41,SA1090,325,10
SA1090-A96213A-R32-C42,SA1090,326,10
SA1090-A96213A-R32-C45,SA1090,327,1
SA1090-A96213A-R32-C47,SA1090,328,8
SA1090-A96213A-R32-C49,SA1090,329,1
SA1090-A96213A-R32-C50,SA1090,330,10
SA1090-A96213A-R32-C52,SA1090,331,8
SA1090-A96213A-R32-C55,SA1090,332,11
SA1090-A96213A-R32-C57,SA1090,333,1
SA1090-A96213A-R32-C58,SA1090,334,11
SA1090-A96213A-R32-C63,SA1090,335,1
SA1090-A96213A-R32-C64,SA1090,336,1
SA1090-A96213A-R32-C66,SA1090,337,10
SA1090-A96213A-R32-C68,SA1090,338,1
SA1090-A96213A-R32-C69,SA1090,339,1
SA1090-A96213A-R32-C70,SA1090,340,10
SA1090-A96213A-R33-C07,SA1090,341,11
SA1090-A96213A-R33-C08,SA1090,342,8
SA1090-A96213A-R33-C09,SA1090,343,10
SA1090-A96213A-R33-C10,SA1090,344,1
SA1090-A96213A-R33-C13,SA1090,345,10
SA1090-A96213A-R33-C17,SA1090,346,10
SA1090-A96213A-R33-C19,SA1090,347,11
SA1090-A96213A-R33-C20,SA1090,348,8
SA1090-A96213A-R33-C23,SA1090,349,10
SA1090-A96213A-R33-C24,SA1090,350,8
SA1090-A96213A-R33-C26,SA1090,351,10
SA1090-A96213A-R33-C27,SA1090,352,8
SA1090-A96213A-R33-C28,SA1090,353,8
SA1090-A96213A-R33-C29,SA1090,354,1
SA1090-A96213A-R33-C30,SA1090,355,8
SA1090-A96213A-R33-C31,SA1090,356,11
SA1090-A96213A-R33-C32,SA1090,357,8
SA1090-A96213A-R33-C33,SA1090,358,1
SA1090-A96213A-R33-C34,SA1090,359,8
SA1090-A96213A-R33-C35,SA1090,360,10
SA1090-A96213A-R33-C36,SA1090,361,11
SA1090-A96213A-R33-C37,SA1090,362,8
SA1090-A96213A-R33-C38,SA1090,363,11
SA1090-A96213A-R33-C40,SA1090,364,10
SA1090-A96213A-R33-C41,SA1090,365,11
SA1090-A96213A-R33-C43,SA1090,366,8
SA1090-A96213A-R33-C44,SA1090,367,8
SA1090-A96213A-R33-C46,SA1090,368,8
SA1090-A96213A-R33-C48,SA1090,369,10
SA1090-A96213A-R33-C52,SA1090,370,10
SA1090-A96213A-R33-C55,SA1090,371,1
SA1090-A96213A-R33-C57,SA1090,372,8
SA1090-A96213A-R33-C58,SA1090,373,8
SA1090-A96213A-R33-C60,SA1090,374,8
SA1090-A96213A-R33-C61,SA1090,375,8
SA1090-A96213A-R33-C62,SA1090,376,11
SA1090-A96213A-R33-C66,SA1090,377,11
SA1090-A96213A-R33-C70,SA1090,378,8
SA1090-A96213A-R34-C08,SA1090,379,10
SA1090-A96213A-R34-C11,SA1090,380,8
SA1090-A96213A-R34-C13,SA1090,381,8
SA1090-A96213A-R34-C14,SA1090,382,11
SA1090-A96213A-R34-C15,SA1090,383,8
SA1090-A96213A-R34-C16,SA1090,384,8
SA1090-A96213A-R34-C17,SA1090,385,11
SA1090-A96213A-R34-C18,SA1090,386,10
SA1090-A96213A-R34-C21,SA1090,387,8
SA1090-A96213A-R34-C23,SA1090,388,8
SA1090-A96213A-R34-C25,SA1090,389,10
SA1090-A96213A-R34-C27,SA1090,390,10
SA1090-A96213A-R34-C29,SA1090,391,8
SA1090-A96213A-R34-C30,SA1090,392,11
SA1090-A96213A-R34-C35,SA1090,393,1
SA1090-A96213A-R34-C38,SA1090,394,10
SA1090-A96213A-R34-C39,SA1090,395,11
SA1090-A96213A-R34-C40,SA1090,396,11
SA1090-A96213A-R34-C41,SA1090,397,11
SA1090-A96213A-R34-C44,SA1090,398,8
SA1090-A96213A-R34-C46,SA1090,399,8
SA1090-A96213A-R34-C49,SA1090,400,8
SA1090-A96213A-R34-C50,SA1090,401,1
SA1090-A96213A-R34-C54,SA1090,402,10
SA1090-A96213A-R34-C55,SA1090,403,11
SA1090-A96213A-R34-C56,SA1090,404,11
SA1090-A96213A-R34-C57,SA1090,405,11
SA1090-A96213A-R34-C58,SA1090,406,10
SA1090-A96213A-R34-C63,SA1090,407,10
SA1090-A96213A-R34-C68,SA1090,408,11
SA1090-A96213A-R34-C70,SA1090,409,1
SA1090-A96213A-R35-C11,SA1090,410,10
SA1090-A96213A-R35-C14,SA1090,411,8
SA1090-A96213A-R35-C15,SA1090,412,8
SA1090-A96213A-R35-C18,SA1090,413,1
SA1090-A96213A-R35-C20,SA1090,414,11
SA1090-A96213A-R35-C21,SA1090,415,11
SA1090-A96213A-R35-C22,SA1090,416,1
SA1090-A96213A-R35-C23,SA1090,417,10
SA1090-A96213A-R35-C24,SA1090,418,8
SA1090-A96213A-R35-C30,SA1090,419,10
SA1090-A96213A-R35-C31,SA1090,420,11
SA1090-A96213A-R35-C32,SA1090,421,11
SA1090-A96213A-R35-C33,SA1090,422,8
SA1090-A96213A-R35-C38,SA1090,423,11
SA1090-A96213A-R35-C39,SA1090,424,1
SA1090-A96213A-R35-C41,SA1090,425,11
SA1090-A96213A-R35-C47,SA1090,426,8
SA921-A90554A-R03-C08,SA921,427,14
SA921-A90554A-R03-C13,SA921,428,16
SA921-A90554A-R03-C14,SA921,429,16
SA921-A90554A-R03-C16,SA921,430,14
SA921-A90554A-R03-C21,SA921,431,16
SA921-A90554A-R03-C24,SA921,432,16
SA921-A90554A-R03-C26,SA921,433,6
SA921-A90554A-R03-C27,SA921,434,16
SA921-A90554A-R03-C28,SA921,435,6
SA921-A90554A-R03-C35,SA921,436,14
SA921-A90554A-R03-C36,SA921,437,6
SA921-A90554A-R03-C42,SA921,438,14
SA921-A90554A-R03-C44,SA921,439,14
SA921-A90554A-R03-C51,SA921,440,6
SA921-A90554A-R03-C56,SA921,441,6
SA921-A90554A-R03-C58,SA921,442,14
SA921-A90554A-R03-C64,SA921,443,14
SA921-A90554A-R03-C65,SA921,444,14
SA921-A90554A-R03-C67,SA921,445,6
SA921-A90554A-R04-C07,SA921,446,16
SA921-A90554A-R04-C08,SA921,447,6
SA921-A90554A-R04-C10,SA921,448,14
SA921-A90554A-R04-C13,SA921,449,14
SA921-A90554A-R04-C16,SA921,450,6
SA921-A90554A-R04-C20,SA921,451,16
SA921-A90554A-R04-C21,SA921,452,14
SA921-A90554A-R04-C22,SA921,453,6
SA921-A90554A-R04-C24,SA921,454,14
SA921-A90554A-R04-C29,SA921,455,14
SA921-A90554A-R04-C34,SA921,456,6
SA921-A90554A-R04-C40,SA921,457,6
SA921-A90554A-R04-C45,SA921,458,14
SA921-A90554A-R04-C49,SA921,459,16
SA921-A90554A-R04-C56,SA921,460,6
SA921-A90554A-R04-C64,SA921,461,6
SA921-A90554A-R04-C65,SA921,462,16
SA921-A90554A-R04-C66,SA921,463,14
SA921-A90554A-R04-C67,SA921,464,6
SA921-A90554A-R04-C68,SA921,465,16
SA921-A90554A-R04-C69,SA921,466,6
SA921-A90554A-R05-C07,SA921,467,16
SA921-A90554A-R05-C09,SA921,468,14
SA921-A90554A-R05-C12,SA921,469,6
SA921-A90554A-R05-C14,SA921,470,16
SA921-A90554A-R05-C18,SA921,471,6
SA921-A90554A-R05-C19,SA921,472,14
SA921-A90554A-R05-C25,SA921,473,14
SA921-A90554A-R05-C27,SA921,474,6
SA921-A90554A-R05-C34,SA921,475,6
SA921-A90554A-R05-C35,SA921,476,6
SA921-A90554A-R05-C37,SA921,477,14
SA921-A90554A-R05-C38,SA921,478,14
SA921-A90554A-R05-C45,SA921,479,16
SA921-A90554A-R05-C51,SA921,480,6
SA921-A90554A-R05-C52,SA921,481,16
SA921-A90554A-R05-C56,SA921,482,14
SA921-A90554A-R05-C57,SA921,483,14
SA921-A90554A-R05-C58,SA921,484,14
SA921-A90554A-R05-C61,SA921,485,14
SA921-A90554A-R05-C64,SA921,486,6
SA921-A90554A-R05-C68,SA921,487,6
SA921-A90554A-R05-C69,SA921,488,14
SA921-A90554A-R05-C70,SA921,489,16
SA921-A90554A-R06-C09,SA921,490,14
SA921-A90554A-R06-C13,SA921,491,6
SA921-A90554A-R06-C16,SA921,492,6
SA921-A90554A-R06-C17,SA921,493,6
SA921-A90554A-R06-C18,SA921,494,14
SA921-A90554A-R06-C20,SA921,495,14
SA921-A90554A-R06-C24,SA921,496,6
SA921-A90554A-R06-C25,SA921,497,14
SA921-A90554A-R06-C27,SA921,498,14
SA921-A90554A-R06-C58,SA921,499,6
SA921-A90554A-R06-C59,SA921,500,6
SA921-A90554A-R06-C64,SA921,501,14
SA921-A90554A-R06-C66,SA921,502,6
SA921-A90554A-R06-C69,SA921,503,6
SA921-A90554A-R07-C05,SA921,504,14
SA921-A90554A-R07-C10,SA921,505,6
SA921-A90554A-R07-C13,SA921,506,6
SA921-A90554A-R07-C16,SA921,507,14
SA921-A90554A-R07-C18,SA921,508,14
SA921-A90554A-R07-C19,SA921,509,6
SA921-A90554A-R07-C22,SA921,510,6
SA921-A90554A-R07-C25,SA921,511,16
SA921-A90554A-R07-C30,SA921,512,6
SA921-A90554A-R07-C34,SA921,513,14
SA921-A90554A-R07-C40,SA921,514,6
SA921-A90554A-R07-C41,SA921,515,14
SA921-A90554A-R07-C48,SA921,516,6
SA921-A90554A-R07-C49,SA921,517,14
SA921-A90554A-R07-C52,SA921,518,16
SA921-A90554A-R07-C56,SA921,519,16
SA921-A90554A-R07-C61,SA921,520,14
SA921-A90554A-R07-C64,SA921,521,14
SA921-A90554A-R07-C66,SA921,522,6
SA921-A90554A-R07-C67,SA921,523,6
SA921-A90554A-R07-C69,SA921,524,14
SA921-A90554A-R08-C08,SA921,525,6
SA921-A90554A-R08-C12,SA921,526,16
SA921-A90554A-R08-C22,SA921,527,6
SA921-A90554A-R08-C25,SA921,528,6
SA921-A90554A-R08-C26,SA921,529,6
SA921-A90554A-R08-C27,SA921,530,14
SA921-A90554A-R08-C28,SA921,531,6
SA921-A90554A-R08-C38,SA921,532,6
SA921-A90554A-R08-C41,SA921,533,16
SA921-A90554A-R08-C42,SA921,534,6
SA921-A90554A-R08-C43,SA921,535,16
SA921-A90554A-R08-C48,SA921,536,16
SA921-A90554A-R08-C49,SA921,537,6
SA921-A90554A-R08-C51,SA921,538,16
SA921-A90554A-R08-C52,SA921,539,16
SA921-A90554A-R08-C65,SA921,540,14
SA921-A90554A-R08-C67,SA921,541,16
SA921-A90554A-R08-C68,SA921,542,6
SA921-A90554A-R08-C70,SA921,543,16
SA921-A90554A-R09-C07,SA921,544,16
SA921-A90554A-R09-C13,SA921,545,14
SA921-A90554A-R09-C14,SA921,546,14
SA921-A90554A-R09-C16,SA921,547,6
SA921-A90554A-R09-C22,SA921,548,6
SA921-A90554A-R09-C30,SA921,549,16
SA921-A90554A-R09-C37,SA921,550,6
SA921-A90554A-R09-C40,SA921,551,6
SA921-A90554A-R09-C41,SA921,552,6
SA921-A90554A-R09-C51,SA921,553,16
SA921-A90554A-R09-C58,SA921,554,6
SA921-A90554A-R09-C61,SA921,555,14
SA921-A90554A-R09-C65,SA921,556,14
SA921-A90554A-R09-C66,SA921,557,16
SA921-A90554A-R10-C09,SA921,558,14
SA921-A90554A-R10-C11,SA921,559,6
SA921-A90554A-R10-C13,SA921,560,14
SA921-A90554A-R10-C14,SA921,561,6
SA921-A90554A-R10-C16,SA921,562,14
SA921-A90554A-R10-C22,SA921,563,6
SA921-A90554A-R10-C24,SA921,564,16
SA921-A90554A-R10-C28,SA921,565,14
SA921-A90554A-R10-C30,SA921,566,14
SA921-A90554A-R10-C35,SA921,567,14
SA921-A90554A-R10-C36,SA921,568,6
SA921-A90554A-R10-C44,SA921,569,6
SA921-A90554A-R10-C48,SA921,570,14
SA921-A90554A-R10-C50,SA921,571,16
SA921-A90554A-R10-C57,SA921,572,14
SA921-A90554A-R10-C58,SA921,573,6
SA921-A90554A-R10-C59,SA921,574,6
SA921-A90554A-R10-C60,SA921,575,16
SA921-A90554A-R10-C64,SA921,576,14
SA921-A90554A-R10-C65,SA921,577,16
SA921-A90554A-R10-C66,SA921,578,14
SA921-A90554A-R10-C68,SA921,579,14
SA921-A90554A-R11-C11,SA921,580,16
SA921-A90554A-R11-C14,SA921,581,16
SA921-A90554A-R11-C25,SA921,582,14
SA921-A90554A-R11-C26,SA921,583,6
SA921-A90554A-R11-C34,SA921,584,6
SA921-A90554A-R11-C35,SA921,585,14
SA921-A90554A-R11-C38,SA921,586,6
SA921-A90554A-R11-C41,SA921,587,16
SA921-A90554A-R11-C52,SA921,588,6
SA921-A90554A-R11-C57,SA921,589,6
SA921-A90554A-R11-C58,SA921,590,16
SA921-A90554A-R11-C68,SA921,591,6
SA921-A90554A-R11-C70,SA921,592,6
SA921-A90554A-R12-C13,SA921,593,14
SA921-A90554A-R12-C14,SA921,594,6
SA921-A90554A-R12-C17,SA921,595,16
SA921-A90554A-R12-C24,SA921,596,16
SA921-A90554A-R12-C26,SA921,597,14
SA921-A90554A-R12-C34,SA921,598,16
SA921-A90554A-R12-C37,SA921,599,16
SA921-A90554A-R12-C41,SA921,600,14
SA921-A90554A-R12-C45,SA921,601,14
SA921-A90554A-R12-C50,SA921,602,14
SA921-A90554A-R12-C51,SA921,603,14
SA921-A90554A-R12-C56,SA921,604,16
SA921-A90554A-R12-C59,SA921,605,6
SA921-A90554A-R12-C65,SA921,606,6
SA921-A90554A-R12-C69,SA921,607,16
SA921-A90554A-R13-C08,SA921,608,14
SA921-A90554A-R13-C09,SA921,609,14
SA921-A90554A-R13-C11,SA921,610,6
SA921-A90554A-R13-C12,SA921,611,14
SA921-A90554A-R13-C14,SA921,612,16
SA921-A90554A-R13-C16,SA921,613,16
SA921-A90554A-R13-C17,SA921,614,16
SA921-A90554A-R13-C19,SA921,615,14
SA921-A90554A-R13-C20,SA921,616,6
SA921-A90554A-R13-C22,SA921,617,14
SA921-A90554A-R13-C28,SA921,618,6
SA921-A90554A-R13-C34,SA921,619,14
SA921-A90554A-R13-C35,SA921,620,6
SA921-A90554A-R13-C37,SA921,621,16
SA921-A90554A-R13-C38,SA921,622,6
SA921-A90554A-R13-C42,SA921,623,6
SA921-A90554A-R13-C43,SA921,624,14
SA921-A90554A-R13-C50,SA921,625,6
SA921-A90554A-R13-C57,SA921,626,14
SA921-A90554A-R13-C61,SA921,627,6
SA921-A90554A-R13-C64,SA921,628,14
SA921-A90554A-R13-C65,SA921,629,16
SA921-A90554A-R13-C69,SA921,630,6
SA921-A90554A-R14-C07,SA921,631,16
SA921-A90554A-R14-C09,SA921,632,14
SA921-A90554A-R14-C11,SA921,633,16
SA921-A90554A-R14-C12,SA921,634,14
SA921-A90554A-R14-C13,SA921,635,6
SA921-A90554A-R14-C14,SA921,636,6
SA921-A90554A-R14-C16,SA921,637,16
SA921-A90554A-R14-C24,SA921,638,14
SA921-A90554A-R14-C25,SA921,639,16
SA921-A90554A-R14-C27,SA921,640,14
SA921-A90554A-R14-C28,SA921,641,14
SA921-A90554A-R14-C30,SA921,642,14
SA921-A90554A-R14-C33,SA921,643,16
SA921-A90554A-R14-C36,SA921,644,6
SA921-A90554A-R14-C41,SA921,645,6
SA921-A90554A-R14-C42,SA921,646,6
SA921-A90554A-R14-C43,SA921,647,6
SA921-A90554A-R14-C45,SA921,648,16
SA921-A90554A-R14-C50,SA921,649,6
SA921-A90554A-R14-C51,SA921,650,16
SA921-A90554A-R14-C59,SA921,651,16
SA921-A90554A-R14-C60,SA921,652,6
SA921-A90554A-R14-C64,SA921,653,6
SA921-A90554A-R14-C66,SA921,654,14
SA921-A90554A-R15-C08,SA921,655,6
SA921-A90554A-R15-C10,SA921,656,16
SA921-A90554A-R15-C11,SA921,657,6
SA921-A90554A-R15-C12,SA921,658,14
SA921-A90554A-R15-C20,SA921,659,16
SA921-A90554A-R15-C21,SA921,660,14
SA921-A90554A-R15-C24,SA921,661,6
SA921-A90554A-R15-C27,SA921,662,16
SA921-A90554A-R15-C32,SA921,663,6
SA921-A90554A-R15-C36,SA921,664,6
SA921-A90554A-R15-C42,SA921,665,14
SA921-A90554A-R15-C44,SA921,666,14
SA921-A90554A-R15-C48,SA921,667,14
SA921-A90554A-R15-C51,SA921,668,16
SA921-A90554A-R15-C64,SA921,669,16
SA921-A90554A-R15-C68,SA921,670,6
SA922-A90554B-R23-C16,SA922,671,0
SA922-A90554B-R23-C22,SA922,672,0
SA922-A90554B-R23-C26,SA922,673,0
SA922-A90554B-R23-C30,SA922,674,0
SA922-A90554B-R23-C33,SA922,675,0
SA922-A90554B-R23-C36,SA922,676,0
SA922-A90554B-R23-C37,SA922,677,0
SA922-A90554B-R23-C43,SA922,678,0
SA922-A90554B-R23-C44,SA922,679,0
SA922-A90554B-R23-C45,SA922,680,17
SA922-A90554B-R23-C48,SA922,681,0
SA922-A90554B-R23-C49,SA922,682,17
SA922-A90554B-R23-C59,SA922,683,0
SA922-A90554B-R23-C60,SA922,684,0
SA922-A90554B-R24-C09,SA922,685,0
SA922-A90554B-R24-C12,SA922,686,0
SA922-A90554B-R24-C17,SA922,687,17
SA922-A90554B-R24-C19,SA922,688,0
SA922-A90554B-R24-C20,SA922,689,0
SA922-A90554B-R24-C21,SA922,690,0
SA922-A90554B-R24-C22,SA922,691,0
SA922-A90554B-R24-C24,SA922,692,0
SA922-A90554B-R24-C26,SA922,693,17
SA922-A90554B-R24-C27,SA922,694,0
SA922-A90554B-R24-C28,SA922,695,0
SA922-A90554B-R24-C30,SA922,696,0
SA922-A90554B-R24-C33,SA922,697,0
SA922-A90554B-R24-C36,SA922,698,17
SA922-A90554B-R24-C40,SA922,699,0
SA922-A90554B-R24-C41,SA922,700,0
SA922-A90554B-R24-C68,SA922,701,0
SA922-A90554B-R25-C08,SA922,702,17
SA922-A90554B-R25-C09,SA922,703,17
SA922-A90554B-R25-C10,SA922,704,0
SA922-A90554B-R25-C12,SA922,705,0
SA922-A90554B-R25-C22,SA922,706,0
SA922-A90554B-R25-C27,SA922,707,0
SA922-A90554B-R25-C34,SA922,708,17
SA922-A90554B-R25-C41,SA922,709,0
SA922-A90554B-R25-C43,SA922,710,0
SA922-A90554B-R25-C44,SA922,711,17
SA922-A90554B-R25-C49,SA922,712,0
SA922-A90554B-R25-C65,SA922,713,0
SA922-A90554B-R25-C66,SA922,714,0
SA922-A90554B-R25-C67,SA922,715,17
SA922-A90554B-R25-C68,SA922,716,0
SA922-A90554B-R25-C70,SA922,717,0
SA922-A90554B-R26-C08,SA922,718,0
SA922-A90554B-R26-C09,SA922,719,0
SA922-A90554B-R26-C10,SA922,720,0
SA922-A90554B-R26-C11,SA922,721,0
SA922-A90554B-R26-C13,SA922,722,0
SA922-A90554B-R26-C20,SA922,723,17
SA922-A90554B-R26-C21,SA922,724,0
SA922-A90554B-R26-C22,SA922,725,0
SA922-A90554B-R26-C24,SA922,726,0
SA922-A90554B-R26-C32,SA922,727,17
SA922-A90554B-R26-C36,SA922,728,0
SA922-A90554B-R26-C37,SA922,729,0
SA922-A90554B-R26-C40,SA922,730,17
SA922-A90554B-R26-C41,SA922,731,0
SA922-A90554B-R26-C43,SA922,732,0
SA922-A90554B-R26-C44,SA922,733,17
SA922-A90554B-R26-C45,SA922,734,0
SA922-A90554B-R26-C50,SA922,735,0
SA922-A90554B-R26-C51,SA922,736,17
SA922-A90554B-R26-C58,SA922,737,0
SA922-A90554B-R26-C60,SA922,738,0
SA922-A90554B-R26-C64,SA922,739,17
SA922-A90554B-R26-C66,SA922,740,0
SA922-A90554B-R27-C18,SA922,741,0
SA922-A90554B-R27-C21,SA922,742,0
SA922-A90554B-R27-C29,SA922,743,0
SA922-A90554B-R27-C40,SA922,744,0
SA922-A90554B-R27-C41,SA922,745,0
SA922-A90554B-R27-C43,SA922,746,17
SA922-A90554B-R27-C48,SA922,747,0
SA922-A90554B-R27-C57,SA922,748,0
SA922-A90554B-R27-C58,SA922,749,0
SA922-A90554B-R27-C59,SA922,750,0
SA922-A90554B-R27-C61,SA922,751,17
SA922-A90554B-R27-C66,SA922,752,0
SA922-A90554B-R27-C68,SA922,753,17
SA922-A90554B-R27-C69,SA922,754,0
SA922-A90554B-R27-C70,SA922,755,0
SA922-A90554B-R28-C07,SA922,756,0
SA922-A90554B-R28-C09,SA922,757,0
SA922-A90554B-R28-C11,SA922,758,17
SA922-A90554B-R28-C12,SA922,759,0
SA922-A90554B-R28-C18,SA922,760,0
SA922-A90554B-R28-C19,SA922,761,0
SA922-A90554B-R28-C24,SA922,762,0
SA922-A90554B-R28-C27,SA922,763,17
SA922-A90554B-R28-C35,SA922,764,17
SA922-A90554B-R28-C38,SA922,765,0
SA922-A90554B-R28-C44,SA922,766,0
SA922-A90554B-R28-C45,SA922,767,17
SA922-A90554B-R28-C50,SA922,768,17
SA922-A90554B-R28-C56,SA922,769,0
SA922-A90554B-R28-C58,SA922,770,17
SA922-A90554B-R28-C67,SA922,771,17
SA922-A90554B-R29-C16,SA922,772,0
SA922-A90554B-R29-C18,SA922,773,17
SA922-A90554B-R29-C21,SA922,774,17
SA922-A90554B-R29-C25,SA922,775,0
SA922-A90554B-R29-C26,SA922,776,0
SA922-A90554B-R29-C28,SA922,777,17
SA922-A90554B-R29-C36,SA922,778,17
SA922-A90554B-R29-C40,SA922,779,0
SA922-A90554B-R29-C42,SA922,780,17
SA922-A90554B-R29-C43,SA922,781,0
SA922-A90554B-R29-C44,SA922,782,0
SA922-A90554B-R29-C45,SA922,783,17
SA922-A90554B-R29-C49,SA922,784,17
SA922-A90554B-R29-C51,SA922,785,0
SA922-A90554B-R29-C56,SA922,786,0
SA922-A90554B-R29-C61,SA922,787,0
SA922-A90554B-R29-C64,SA922,788,0
SA922-A90554B-R29-C67,SA922,789,17
SA922-A90554B-R29-C68,SA922,790,0
SA922-A90554B-R30-C08,SA922,791,17
SA922-A90554B-R30-C12,SA922,792,0
SA922-A90554B-R30-C13,SA922,793,17
SA922-A90554B-R30-C20,SA922,794,17
SA922-A90554B-R30-C22,SA922,795,0
SA922-A90554B-R30-C24,SA922,796,0
SA922-A90554B-R30-C28,SA922,797,0
SA922-A90554B-R30-C32,SA922,798,0
SA922-A90554B-R30-C34,SA922,799,17
SA922-A90554B-R30-C37,SA922,800,17
SA922-A90554B-R30-C41,SA922,801,17
SA922-A90554B-R30-C42,SA922,802,0
SA922-A90554B-R30-C43,SA922,803,0
SA922-A90554B-R30-C44,SA922,804,17
SA922-A90554B-R30-C45,SA922,805,0
SA922-A90554B-R30-C51,SA922,806,0
SA922-A90554B-R30-C60,SA922,807,0
SA922-A90554B-R30-C64,SA922,808,0
SA922-A90554B-R30-C66,SA922,809,0
SA922-A90554B-R30-C70,SA922,810,0
SA922-A90554B-R31-C10,SA922,811,17
SA922-A90554B-R31-C18,SA922,812,17
SA922-A90554B-R31-C19,SA922,813,0
SA922-A90554B-R31-C20,SA922,814,0
SA922-A90554B-R31-C29,SA922,815,0
SA922-A90554B-R31-C30,SA922,816,0
SA922-A90554B-R31-C34,SA922,817,17
SA922-A90554B-R31-C35,SA922,818,17
SA922-A90554B-R31-C36,SA922,819,0
SA922-A90554B-R31-C43,SA922,820,0
SA922-A90554B-R31-C45,SA922,821,0
SA922-A90554B-R31-C52,SA922,822,0
SA922-A90554B-R31-C60,SA922,823,17
SA922-A90554B-R31-C66,SA922,824,17
SA922-A90554B-R31-C70,SA922,825,0
SA922-A90554B-R32-C10,SA922,826,0
SA922-A90554B-R32-C12,SA922,827,0
SA922-A90554B-R32-C13,SA922,828,17
SA922-A90554B-R32-C16,SA922,829,0
SA922-A90554B-R32-C19,SA922,830,17
SA922-A90554B-R32-C34,SA922,831,0
SA922-A90554B-R32-C35,SA922,832,0
SA922-A90554B-R32-C38,SA922,833,17
SA922-A90554B-R32-C41,SA922,834,0
SA922-A90554B-R33-C19,SA922,835,17
SA922-A90554B-R33-C27,SA922,836,0
SA922-A90554B-R33-C29,SA922,837,17
SA922-A90554B-R33-C33,SA922,838,17
SA922-A90554B-R33-C35,SA922,839,0
SA922-A90554B-R33-C37,SA922,840,0
SA922-A90554B-R33-C42,SA922,841,17
SA922-A90554B-R33-C45,SA922,842,0
SA922-A90554B-R33-C51,SA922,843,0
SA922-A90554B-R33-C52,SA922,844,17
SA922-A90554B-R33-C56,SA922,845,0
SA922-A90554B-R33-C57,SA922,846,0
SA922-A90554B-R33-C59,SA922,847,17
SA922-A90554B-R33-C60,SA922,848,17
SA922-A90554B-R33-C67,SA922,849,0
SA922-A90554B-R33-C69,SA922,850,0
SA922-A90554B-R34-C09,SA922,851,17
SA922-A90554B-R34-C14,SA922,852,17
SA922-A90554B-R34-C16,SA922,853,0
SA922-A90554B-R34-C20,SA922,854,0
SA922-A90554B-R34-C21,SA922,855,0
SA922-A90554B-R34-C22,SA922,856,17
SA922-A90554B-R34-C27,SA922,857,0
SA922-A90554B-R34-C30,SA922,858,17
SA922-A90554B-R34-C32,SA922,859,0
SA922-A90554B-R34-C35,SA922,860,17
SA922-A90554B-R34-C41,SA922,861,17
SA922-A90554B-R34-C43,SA922,862,17
SA922-A90554B-R34-C48,SA922,863,17
SA922-A90554B-R34-C58,SA922,864,0
SA922-A90554B-R34-C61,SA922,865,17
SA922-A90554B-R34-C64,SA922,866,17
SA922-A90554B-R34-C66,SA922,867,17
SA922-A90554B-R34-C67,SA922,868,17
SA922-A90554B-R34-C69,SA922,869,0
SA922-A90554B-R34-C70,SA922,870,0
SA922-A90554B-R35-C08,SA922,871,0
SA922-A90554B-R35-C09,SA922,872,0
SA922-A90554B-R35-C11,SA922,873,0
SA922-A90554B-R35-C13,SA922,874,17
SA922-A90554B-R35-C19,SA922,875,0
SA922-A90554B-R35-C21,SA922,876,0
SA922-A90554B-R35-C24,SA922,877,17
SA922-A90554B-R35-C25,SA922,878,17
SA922-A90554B-R35-C28,SA922,879,0
SA922-A90554B-R35-C29,SA922,880,0
SA922-A90554B-R35-C34,SA922,881,0
SA922-A90554B-R35-C35,SA922,882,0
SA922-A90554B-R35-C36,SA922,883,0
SA922-A90554B-R35-C37,SA922,884,17
SA922-A90554B-R35-C40,SA922,885,17
SA922-A90554B-R35-C45,SA922,886,0
SA922-A90554B-R35-C49,SA922,887,0
SA922-A90554B-R35-C56,SA922,888,17
SA922-A90554B-R35-C65,SA922,889,0
SA922-A90554B-R35-C69,SA922,890,0
