snp_id,chrom,coord,ref,alt,id
10:36258731:C:T,10,36258731,C,T,s0
10:44790486:C:A,10,44790486,C,A,s1
10:47079935:G:T,10,47079935,G,T,s2
10:50851414:C:A,10,50851414,C,A,s3
10:79932700:A:T,10,79932700,A,T,s4
10:8048963:C:A,10,8048963,C,A,s5
10:88071157:C:T,10,88071157,C,T,s6
11:118982420:G:T,11,118982420,G,T,s7
11:68365784:G:A,11,68365784,G,A,s8
11:73132335:G:T,11,73132335,G,T,s9
11:78061784:T:A,11,78061784,T,A,s10
11:78732220:C:T,11,78732220,C,T,s11
11:78923675:G:A,11,78923675,G,A,s12
11:78925754:C:A,11,78925754,C,A,s13
11:79204057:G:T,11,79204057,G,T,s14
11:79319751:G:T,11,79319751,G,T,s15
11:79611892:G:T,11,79611892,G,T,s16
11:79630396:A:G,11,79630396,A,G,s17
11:79674325:C:A,11,79674325,C,A,s18
11:79720270:G:A,11,79720270,G,A,s19
11:79750057:C:A,11,79750057,C,A,s20
11:79857827:A:T,11,79857827,A,T,s21
11:79900431:A:C,11,79900431,A,C,s22
11:79934738:T:A,11,79934738,T,A,s23
11:80005608:G:T,11,80005608,G,T,s24
11:80132680:T:C,11,80132680,T,C,s25
11:81043105:T:A,11,81043105,T,A,s26
11:82047226:G:T,11,82047226,G,T,s27
12:110272522:G:A,12,110272522,G,A,s28
12:13420003:C:T,12,13420003,C,T,s29
12:13903703:C:T,12,13903703,C,T,s30
12:23463122:A:T,12,23463122,A,T,s31
12:2607861:A:T,12,2607861,A,T,s32
12:46098518:C:A,12,46098518,C,A,s33
12:48141847:G:T,12,48141847,G,T,s34
12:54134835:G:T,12,54134835,G,T,s35
12:58155390:A:G,12,58155390,A,G,s36
12:61010675:G:T,12,61010675,G,T,s37
12:6924712:A:C,12,6924712,A,C,s38
12:98577150:G:A,12,98577150,G,A,s39
14:22465146:G:A,14,22465146,G,A,s40
14:23248484:C:A,14,23248484,C,A,s41
14:23615997:T:C,14,23615997,T,C,s42
14:23826537:G:T,14,23826537,G,T,s43
14:24196179:C:T,14,24196179,C,T,s44
14:24320986:C:T,14,24320986,C,T,s45
14:24702294:G:A,14,24702294,G,A,s46
14:24807612:G:T,14,24807612,G,T,s47
14:24930453:G:A,14,24930453,G,A,s48
14:25277653:C:A,14,25277653,C,A,s49
14:25723552:G:A,14,25723552,G,A,s50
14:26303961:C:A,14,26303961,C,A,s51
14:26517059:T:C,14,26517059,T,C,s52
14:26839506:C:T,14,26839506,C,T,s53
14:27905747:T:C,14,27905747,T,C,s54
14:29454473:G:A,14,29454473,G,A,s55
14:29572795:A:G,14,29572795,A,G,s56
14:30475982:G:A,14,30475982,G,A,s57
14:31815647:C:G,14,31815647,C,G,s58
14:32327834:C:T,14,32327834,C,T,s59
14:32518251:C:T,14,32518251,C,T,s60
14:32534840:G:T,14,32534840,G,T,s61
14:32732415:C:A,14,32732415,C,A,s62
14:32821725:T:A,14,32821725,T,A,s63
14:32841061:G:C,14,32841061,G,C,s64
14:32985718:C:A,14,32985718,C,A,s65
14:33018913:G:C,14,33018913,G,C,s66
14:34084153:C:A,14,34084153,C,A,s67
14:34284023:G:T,14,34284023,G,T,s68
14:34381508:C:G,14,34381508,C,G,s69
14:35861554:C:A,14,35861554,C,A,s70
14:36475447:T:G,14,36475447,T,G,s71
14:37062885:T:G,14,37062885,T,G,s72
14:38542362:T:G,14,38542362,T,G,s73
14:38559796:A:G,14,38559796,A,G,s74
14:38677758:C:T,14,38677758,C,T,s75
14:38703372:T:C,14,38703372,T,C,s76
14:39375872:C:G,14,39375872,C,G,s77
14:39698020:C:T,14,39698020,C,T,s78
14:41876382:G:T,14,41876382,G,T,s79
14:42525054:A:T,14,42525054,A,T,s80
14:42530426:G:T,14,42530426,G,T,s81
14:42857500:G:T,14,42857500,G,T,s82
14:43270929:G:T,14,43270929,G,T,s83
14:44224160:A:G,14,44224160,A,G,s84
14:46477856:T:C,14,46477856,T,C,s85
14:46775717:C:G,14,46775717,C,G,s86
14:46825811:A:G,14,46825811,A,G,s87
14:47971071:G:A,14,47971071,G,A,s88
14:48331978:C:A,14,48331978,C,A,s89
14:49417508:C:A,14,49417508,C,A,s90
14:49764812:C:A,14,49764812,C,A,s91
14:50035975:C:G,14,50035975,C,G,s92
14:50228762:G:A,14,50228762,G,A,s93
14:51201830:C:G,14,51201830,C,G,s94
14:51865666:G:A,14,51865666,G,A,s95
14:51950689:C:A,14,51950689,C,A,s96
14:51980019:C:G,14,51980019,C,G,s97
14:52063632:T:C,14,52063632,T,C,s98
14:53136342:G:C,14,53136342,G,C,s99
14:53469457:G:T,14,53469457,G,T,s100
14:53919089:G:T,14,53919089,G,T,s101
15:101370085:A:G,15,101370085,A,G,s102
15:22430186:G:A,15,22430186,G,A,s103
15:88804912:C:T,15,88804912,C,T,s104
15:88814109:G:C,15,88814109,G,C,s105
15:89762169:A:T,15,89762169,A,T,s106
15:90413790:A:C,15,90413790,A,C,s107
15:90449496:C:A,15,90449496,C,A,s108
15:90671832:G:A,15,90671832,G,A,s109
15:91086080:C:A,15,91086080,C,A,s110
15:92407134:C:G,15,92407134,C,G,s111
15:92595421:A:G,15,92595421,A,G,s112
15:93430635:G:T,15,93430635,G,T,s113
15:93681706:A:G,15,93681706,A,G,s114
15:98920576:C:A,15,98920576,C,A,s115
15:98920577:C:A,15,98920577,C,A,s116
17:21224205:A:G,17,21224205,A,G,s117
17:4060692:A:T,17,4060692,A,T,s118
17:54064146:C:G,17,54064146,C,G,s119
17:54143613:A:C,17,54143613,A,C,s120
17:55821245:G:A,17,55821245,G,A,s121
17:61877095:G:A,17,61877095,G,A,s122
17:64544291:T:C,17,64544291,T,C,s123
17:72568801:G:A,17,72568801,G,A,s124
17:73593116:C:T,17,73593116,C,T,s125
17:74621404:G:T,17,74621404,G,T,s126
17:77152801:G:T,17,77152801,G,T,s127
17:77868124:T:G,17,77868124,T,G,s128
17:78445698:G:T,17,78445698,G,T,s129
18:38533674:C:A,18,38533674,C,A,s130
18:39855016:G:C,18,39855016,G,C,s131
18:45055866:T:C,18,45055866,T,C,s132
18:63206463:G:T,18,63206463,G,T,s133
19:46887650:T:A,19,46887650,T,A,s134
19:52219386:C:T,19,52219386,C,T,s135
1:101799098:A:T,1,101799098,A,T,s136
1:104342179:A:T,1,104342179,A,T,s137
1:104674152:G:C,1,104674152,G,C,s138
1:107016738:A:T,1,107016738,A,T,s139
1:108552996:G:A,1,108552996,G,A,s140
1:108662980:C:A,1,108662980,C,A,s141
1:109735454:C:T,1,109735454,C,T,s142
1:109743012:G:C,1,109743012,G,C,s143
1:182542384:G:C,1,182542384,G,C,s144
1:206918553:G:T,1,206918553,G,T,s145
1:221333143:C:A,1,221333143,C,A,s146
1:222343828:A:T,1,222343828,A,T,s147
1:222591657:A:T,1,222591657,A,T,s148
1:223322256:C:T,1,223322256,C,T,s149
1:223513958:C:A,1,223513958,C,A,s150
1:223663984:A:G,1,223663984,A,G,s151
1:223695674:C:T,1,223695674,C,T,s152
1:223707600:C:T,1,223707600,C,T,s153
1:224835539:C:G,1,224835539,C,G,s154
1:226693831:A:T,1,226693831,A,T,s155
1:228570660:C:G,1,228570660,C,G,s156
1:229920608:C:G,1,229920608,C,G,s157
1:230897534:C:G,1,230897534,C,G,s158
1:232777389:A:G,1,232777389,A,G,s159
1:234099444:G:C,1,234099444,G,C,s160
1:236085852:G:A,1,236085852,G,A,s161
1:238403211:G:A,1,238403211,G,A,s162
1:239227443:T:A,1,239227443,T,A,s163
1:249100163:G:C,1,249100163,G,C,s164
1:27974158:A:T,1,27974158,A,T,s165
1:30327351:C:G,1,30327351,C,G,s166
1:36122679:G:A,1,36122679,G,A,s167
1:37902637:G:A,1,37902637,G,A,s168
1:38642789:C:G,1,38642789,C,G,s169
1:39035983:G:A,1,39035983,G,A,s170
1:39055598:G:A,1,39055598,G,A,s171
1:40123435:C:A,1,40123435,C,A,s172
1:40670538:T:G,1,40670538,T,G,s173
1:40997369:G:A,1,40997369,G,A,s174
1:41317110:A:G,1,41317110,A,G,s175
1:41503685:C:T,1,41503685,C,T,s176
1:41723664:A:C,1,41723664,A,C,s177
1:41930440:G:A,1,41930440,G,A,s178
1:41958850:C:G,1,41958850,C,G,s179
1:42330289:C:T,1,42330289,C,T,s180
1:42550910:C:A,1,42550910,C,A,s181
1:42606107:T:C,1,42606107,T,C,s182
1:42647925:T:A,1,42647925,T,A,s183
1:42978268:G:A,1,42978268,G,A,s184
1:43261961:A:T,1,43261961,A,T,s185
1:44448995:G:A,1,44448995,G,A,s186
1:44754031:C:T,1,44754031,C,T,s187
1:45074627:C:A,1,45074627,C,A,s188
1:45155328:T:C,1,45155328,T,C,s189
1:45374264:G:T,1,45374264,G,T,s190
1:46468747:C:T,1,46468747,C,T,s191
1:47868652:A:T,1,47868652,A,T,s192
1:47918911:C:G,1,47918911,C,G,s193
1:48187878:C:T,1,48187878,C,T,s194
1:48347937:C:T,1,48347937,C,T,s195
1:48996341:T:A,1,48996341,T,A,s196
1:49822810:G:A,1,49822810,G,A,s197
1:50048941:G:A,1,50048941,G,A,s198
1:50379048:C:A,1,50379048,C,A,s199
1:50553795:G:C,1,50553795,G,C,s200
1:50679639:C:G,1,50679639,C,G,s201
1:51807916:G:A,1,51807916,G,A,s202
1:52426653:T:A,1,52426653,T,A,s203
1:53526683:C:G,1,53526683,C,G,s204
1:53526954:G:A,1,53526954,G,A,s205
1:53920750:A:G,1,53920750,A,G,s206
1:53932369:G:T,1,53932369,G,T,s207
1:53932370:G:T,1,53932370,G,T,s208
1:54102448:G:T,1,54102448,G,T,s209
1:54703801:C:T,1,54703801,C,T,s210
1:55154244:T:G,1,55154244,T,G,s211
1:55232438:C:A,1,55232438,C,A,s212
1:55232439:T:C,1,55232439,T,C,s213
1:55456756:G:T,1,55456756,G,T,s214
1:55465484:T:C,1,55465484,T,C,s215
1:55782743:G:T,1,55782743,G,T,s216
1:55966558:C:A,1,55966558,C,A,s217
1:56103588:G:A,1,56103588,G,A,s218
1:56113235:C:A,1,56113235,C,A,s219
1:56320623:A:T,1,56320623,A,T,s220
1:56719190:T:A,1,56719190,T,A,s221
1:58016880:G:A,1,58016880,G,A,s222
1:58501568:G:A,1,58501568,G,A,s223
1:59228937:G:A,1,59228937,G,A,s224
1:60045051:T:A,1,60045051,T,A,s225
1:60447175:G:T,1,60447175,G,T,s226
1:60624935:T:C,1,60624935,T,C,s227
1:61008369:C:T,1,61008369,C,T,s228
1:61162584:A:C,1,61162584,A,C,s229
1:61322631:G:A,1,61322631,G,A,s230
1:61377960:C:A,1,61377960,C,A,s231
1:64656759:C:T,1,64656759,C,T,s232
1:65313924:C:A,1,65313924,C,A,s233
1:65318140:C:T,1,65318140,C,T,s234
1:65501173:A:C,1,65501173,A,C,s235
1:66868238:T:C,1,66868238,T,C,s236
1:67318936:G:T,1,67318936,G,T,s237
1:68224220:G:C,1,68224220,G,C,s238
1:69420634:G:A,1,69420634,G,A,s239
1:69424123:G:A,1,69424123,G,A,s240
1:69786383:A:T,1,69786383,A,T,s241
1:70166254:G:A,1,70166254,G,A,s242
1:72101183:A:C,1,72101183,A,C,s243
1:74089631:A:G,1,74089631,A,G,s244
1:74874230:C:T,1,74874230,C,T,s245
1:75248621:C:A,1,75248621,C,A,s246
1:75753354:C:G,1,75753354,C,G,s247
1:76022497:C:A,1,76022497,C,A,s248
1:76076884:C:T,1,76076884,C,T,s249
1:83986295:T:C,1,83986295,T,C,s250
1:84389536:A:G,1,84389536,A,G,s251
1:85354024:C:A,1,85354024,C,A,s252
1:85502971:C:G,1,85502971,C,G,s253
1:86179286:C:T,1,86179286,C,T,s254
1:86344104:C:A,1,86344104,C,A,s255
1:86535200:G:T,1,86535200,G,T,s256
1:86679563:G:A,1,86679563,G,A,s257
1:88754641:C:A,1,88754641,C,A,s258
1:88923644:G:C,1,88923644,G,C,s259
1:90319463:G:T,1,90319463,G,T,s260
1:91080691:C:T,1,91080691,C,T,s261
1:91303011:C:A,1,91303011,C,A,s262
1:92202353:G:A,1,92202353,G,A,s263
1:93549170:T:A,1,93549170,T,A,s264
1:94423623:G:T,1,94423623,G,T,s265
1:94557833:T:A,1,94557833,T,A,s266
1:94991029:G:A,1,94991029,G,A,s267
1:96139958:C:A,1,96139958,C,A,s268
1:96573804:G:T,1,96573804,G,T,s269
1:97161534:A:G,1,97161534,A,G,s270
1:97309850:C:G,1,97309850,C,G,s271
1:99517387:G:T,1,99517387,G,T,s272
1:99914307:C:G,1,99914307,C,G,s273
20:16412449:T:C,20,16412449,T,C,s274
20:17336642:C:A,20,17336642,C,A,s275
20:22841823:T:C,20,22841823,T,C,s276
20:24121639:C:G,20,24121639,C,G,s277
20:29817606:C:A,20,29817606,C,A,s278
20:35063179:G:T,20,35063179,G,T,s279
20:36898270:G:T,20,36898270,G,T,s280
20:37800113:C:T,20,37800113,C,T,s281
20:39071678:G:A,20,39071678,G,A,s282
20:40586887:C:A,20,40586887,C,A,s283
20:49836108:G:C,20,49836108,G,C,s284
20:58302313:C:A,20,58302313,C,A,s285
20:62386713:G:T,20,62386713,G,T,s286
20:62751254:G:T,20,62751254,G,T,s287
21:28667346:C:A,21,28667346,C,A,s288
21:38973849:T:C,21,38973849,T,C,s289
21:44229800:G:A,21,44229800,G,A,s290
2:103077923:G:A,2,103077923,G,A,s291
2:145445280:A:C,2,145445280,A,C,s292
2:184827755:C:A,2,184827755,C,A,s293
2:188442228:A:G,2,188442228,A,G,s294
2:44952561:T:C,2,44952561,T,C,s295
2:45747289:C:T,2,45747289,C,T,s296
2:46480160:G:T,2,46480160,G,T,s297
2:47783232:G:A,2,47783232,G,A,s298
2:48813476:G:T,2,48813476,G,T,s299
2:49523086:C:T,2,49523086,C,T,s300
2:53145605:G:T,2,53145605,G,T,s301
2:58936829:G:T,2,58936829,G,T,s302
2:58969563:G:T,2,58969563,G,T,s303
2:59245512:G:T,2,59245512,G,T,s304
2:5951416:G:T,2,5951416,G,T,s305
2:60859143:G:T,2,60859143,G,T,s306
2:64712892:T:A,2,64712892,T,A,s307
2:65000742:C:A,2,65000742,C,A,s308
2:65370025:T:A,2,65370025,T,A,s309
2:65899160:G:A,2,65899160,G,A,s310
2:66041655:G:A,2,66041655,G,A,s311
2:66223034:G:T,2,66223034,G,T,s312
2:8930899:C:A,2,8930899,C,A,s313
2:9164359:G:A,2,9164359,G,A,s314
2:9330402:G:C,2,9330402,G,C,s315
3:108463979:G:T,3,108463979,G,T,s316
3:111798832:G:A,3,111798832,G,A,s317
3:111798833:T:A,3,111798833,T,A,s318
3:116568922:C:G,3,116568922,C,G,s319
3:119890362:C:G,3,119890362,C,G,s320
3:120270973:T:C,3,120270973,T,C,s321
3:125848770:A:C,3,125848770,A,C,s322
3:125848771:G:T,3,125848771,G,T,s323
3:126807324:C:A,3,126807324,C,A,s324
3:126867620:C:G,3,126867620,C,G,s325
3:127206940:C:A,3,127206940,C,A,s326
3:127206952:G:T,3,127206952,G,T,s327
3:127428301:T:C,3,127428301,T,C,s328
3:127713178:C:A,3,127713178,C,A,s329
3:128292567:C:T,3,128292567,C,T,s330
3:130036660:C:T,3,130036660,C,T,s331
3:131089073:T:G,3,131089073,T,G,s332
3:132766031:G:C,3,132766031,G,C,s333
3:133600190:C:A,3,133600190,C,A,s334
3:133930041:G:C,3,133930041,G,C,s335
3:137579393:A:G,3,137579393,A,G,s336
3:139726526:G:C,3,139726526,G,C,s337
3:140012320:A:T,3,140012320,A,T,s338
3:140905674:G:T,3,140905674,G,T,s339
3:150722983:C:T,3,150722983,C,T,s340
3:153582149:T:C,3,153582149,T,C,s341
3:153859374:A:T,3,153859374,A,T,s342
3:154658408:A:G,3,154658408,A,G,s343
3:154688812:T:G,3,154688812,T,G,s344
3:154745257:G:T,3,154745257,G,T,s345
3:156071205:T:G,3,156071205,T,G,s346
3:156812890:G:T,3,156812890,G,T,s347
3:157432954:T:G,3,157432954,T,G,s348
3:157668157:G:T,3,157668157,G,T,s349
3:157772183:C:T,3,157772183,C,T,s350
3:158054357:G:A,3,158054357,G,A,s351
3:159260693:T:G,3,159260693,T,G,s352
3:159379267:T:A,3,159379267,T,A,s353
3:159509190:A:C,3,159509190,A,C,s354
3:161913555:G:T,3,161913555,G,T,s355
3:165371754:T:C,3,165371754,T,C,s356
3:166371131:G:T,3,166371131,G,T,s357
3:168021957:G:A,3,168021957,G,A,s358
3:168045351:T:C,3,168045351,T,C,s359
3:168641510:G:T,3,168641510,G,T,s360
3:169120564:T:C,3,169120564,T,C,s361
3:170264591:A:G,3,170264591,A,G,s362
3:170264592:G:T,3,170264592,G,T,s363
3:170762097:C:T,3,170762097,C,T,s364
3:170939147:C:T,3,170939147,C,T,s365
3:171189948:G:A,3,171189948,G,A,s366
3:171827426:T:G,3,171827426,T,G,s367
3:171922173:G:A,3,171922173,G,A,s368
3:172699000:T:C,3,172699000,T,C,s369
3:172950364:G:A,3,172950364,G,A,s370
3:173483639:T:A,3,173483639,T,A,s371
3:173483650:G:T,3,173483650,G,T,s372
3:176346249:C:G,3,176346249,C,G,s373
3:177815472:G:A,3,177815472,G,A,s374
3:180904307:G:T,3,180904307,G,T,s375
3:181718871:T:A,3,181718871,T,A,s376
3:182004687:C:A,3,182004687,C,A,s377
3:182355565:C:T,3,182355565,C,T,s378
3:182547136:G:A,3,182547136,G,A,s379
3:182907385:C:T,3,182907385,C,T,s380
3:182929527:G:T,3,182929527,G,T,s381
3:183777500:G:A,3,183777500,G,A,s382
3:184296081:G:A,3,184296081,G,A,s383
3:184459302:G:A,3,184459302,G,A,s384
3:185483211:C:G,3,185483211,C,G,s385
3:185645945:T:C,3,185645945,T,C,s386
3:185765298:C:T,3,185765298,C,T,s387
3:186220645:G:C,3,186220645,G,C,s388
3:186491086:C:A,3,186491086,C,A,s389
3:186542703:C:A,3,186542703,C,A,s390
3:186542704:T:A,3,186542704,T,A,s391
3:186992213:G:T,3,186992213,G,T,s392
3:187257661:C:T,3,187257661,C,T,s393
3:187393665:A:G,3,187393665,A,G,s394
3:187482859:C:A,3,187482859,C,A,s395
3:187482860:C:A,3,187482860,C,A,s396
3:187483208:C:A,3,187483208,C,A,s397
3:187659116:A:T,3,187659116,A,T,s398
3:187882217:C:A,3,187882217,C,A,s399
3:187986945:G:T,3,187986945,G,T,s400
3:189845252:C:T,3,189845252,C,T,s401
3:190306936:G:A,3,190306936,G,A,s402
3:190853263:G:T,3,190853263,G,T,s403
3:192066642:T:A,3,192066642,T,A,s404
3:192416683:C:A,3,192416683,C,A,s405
3:192583146:T:A,3,192583146,T,A,s406
3:192727805:G:T,3,192727805,G,T,s407
3:193089409:C:A,3,193089409,C,A,s408
3:193548887:G:A,3,193548887,G,A,s409
3:193550858:C:T,3,193550858,C,T,s410
3:194089679:G:T,3,194089679,G,T,s411
3:194557499:G:C,3,194557499,G,C,s412
3:194969851:C:T,3,194969851,C,T,s413
3:195534739:G:C,3,195534739,G,C,s414
3:195878534:T:C,3,195878534,T,C,s415
3:196001818:G:C,3,196001818,G,C,s416
3:196140561:T:A,3,196140561,T,A,s417
3:196616749:G:A,3,196616749,G,A,s418
3:196753450:C:G,3,196753450,C,G,s419
3:196890173:T:C,3,196890173,T,C,s420
3:197094133:C:G,3,197094133,C,G,s421
3:197168815:C:T,3,197168815,C,T,s422
3:197330887:C:T,3,197330887,C,T,s423
3:197566293:T:G,3,197566293,T,G,s424
3:7844859:A:G,3,7844859,A,G,s425
3:99289109:G:C,3,99289109,G,C,s426
4:1159631:G:A,4,1159631,G,A,s427
4:117524781:C:G,4,117524781,C,G,s428
4:119762279:G:T,4,119762279,G,T,s429
4:1279332:G:T,4,1279332,G,T,s430
4:148266086:G:T,4,148266086,G,T,s431
4:154046216:G:T,4,154046216,G,T,s432
4:155858163:C:A,4,155858163,C,A,s433
4:1942115:A:G,4,1942115,A,G,s434
5:125362688:G:T,5,125362688,G,T,s435
5:125476739:C:A,5,125476739,C,A,s436
5:125670711:G:A,5,125670711,G,A,s437
5:125842440:G:A,5,125842440,G,A,s438
5:125892335:C:T,5,125892335,C,T,s439
5:126355872:T:C,5,126355872,T,C,s440
5:126358492:C:A,5,126358492,C,A,s441
5:129925195:C:A,5,129925195,C,A,s442
5:131122880:T:A,5,131122880,T,A,s443
5:132741077:C:T,5,132741077,C,T,s444
5:142855972:C:A,5,142855972,C,A,s445
5:145405888:G:T,5,145405888,G,T,s446
5:146032082:G:T,5,146032082,G,T,s447
5:146180286:G:A,5,146180286,G,A,s448
5:147765929:C:T,5,147765929,C,T,s449
5:147849056:T:A,5,147849056,T,A,s450
5:148996771:T:C,5,148996771,T,C,s451
5:149651320:A:T,5,149651320,A,T,s452
5:150558882:G:A,5,150558882,G,A,s453
5:152755643:G:A,5,152755643,G,A,s454
5:154390375:C:T,5,154390375,C,T,s455
5:154611889:G:A,5,154611889,G,A,s456
5:154703853:G:C,5,154703853,G,C,s457
5:154845367:C:T,5,154845367,C,T,s458
5:154919979:T:C,5,154919979,T,C,s459
5:155377988:C:A,5,155377988,C,A,s460
5:157996443:A:C,5,157996443,A,C,s461
5:159163119:A:T,5,159163119,A,T,s462
5:159278099:C:G,5,159278099,C,G,s463
5:163853661:T:A,5,163853661,T,A,s464
5:164037535:G:A,5,164037535,G,A,s465
5:165673764:G:T,5,165673764,G,T,s466
5:167438221:C:A,5,167438221,C,A,s467
5:168238632:T:A,5,168238632,T,A,s468
5:169430415:A:T,5,169430415,A,T,s469
5:169437061:G:A,5,169437061,G,A,s470
5:170039105:T:A,5,170039105,T,A,s471
5:170639309:G:T,5,170639309,G,T,s472
5:173871691:G:A,5,173871691,G,A,s473
5:174454582:A:G,5,174454582,A,G,s474
5:174657054:C:T,5,174657054,C,T,s475
5:174706823:G:T,5,174706823,G,T,s476
5:174968866:C:A,5,174968866,C,A,s477
5:175135077:A:T,5,175135077,A,T,s478
5:176139299:G:T,5,176139299,G,T,s479
5:176233678:A:G,5,176233678,A,G,s480
5:176257937:G:T,5,176257937,G,T,s481
5:178586073:C:A,5,178586073,C,A,s482
5:179249601:C:A,5,179249601,C,A,s483
5:179640482:A:C,5,179640482,A,C,s484
5:180233702:G:A,5,180233702,G,A,s485
5:21557619:G:T,5,21557619,G,T,s486
5:35060735:G:A,5,35060735,G,A,s487
5:35085136:G:A,5,35085136,G,A,s488
5:35232460:G:T,5,35232460,G,T,s489
5:35282931:A:T,5,35282931,A,T,s490
5:36538073:C:G,5,36538073,C,G,s491
5:37058311:G:A,5,37058311,G,A,s492
5:38339643:G:A,5,38339643,G,A,s493
5:38727962:C:A,5,38727962,C,A,s494
5:38800813:A:G,5,38800813,A,G,s495
5:39310240:T:G,5,39310240,T,G,s496
5:39965839:A:T,5,39965839,A,T,s497
5:44936175:C:A,5,44936175,C,A,s498
5:50325188:C:G,5,50325188,C,G,s499
6:10453112:T:A,6,10453112,T,A,s500
6:11218381:T:C,6,11218381,T,C,s501
6:11227720:T:C,6,11227720,T,C,s502
6:11420182:C:A,6,11420182,C,A,s503
6:125434481:G:T,6,125434481,G,T,s504
6:13778751:T:A,6,13778751,T,A,s505
6:16019073:G:A,6,16019073,G,A,s506
6:17052005:C:A,6,17052005,C,A,s507
6:17235595:G:C,6,17235595,G,C,s508
6:17465167:G:A,6,17465167,G,A,s509
6:17536780:C:A,6,17536780,C,A,s510
6:17740967:C:A,6,17740967,C,A,s511
6:18021727:C:T,6,18021727,C,T,s512
6:18481029:C:A,6,18481029,C,A,s513
6:18542024:C:A,6,18542024,C,A,s514
6:18595313:G:T,6,18595313,G,T,s515
6:18884391:C:T,6,18884391,C,T,s516
6:18903370:T:A,6,18903370,T,A,s517
6:1904908:G:A,6,1904908,G,A,s518
6:19154845:A:G,6,19154845,A,G,s519
6:19635345:A:G,6,19635345,A,G,s520
6:19744373:G:C,6,19744373,G,C,s521
6:19802094:G:A,6,19802094,G,A,s522
6:20270864:C:T,6,20270864,C,T,s523
6:20415588:G:A,6,20415588,G,A,s524
6:20488534:A:G,6,20488534,A,G,s525
6:21260214:G:C,6,21260214,G,C,s526
6:21273934:A:C,6,21273934,A,C,s527
6:21973254:G:C,6,21973254,G,C,s528
6:22044995:A:G,6,22044995,A,G,s529
6:22569854:C:T,6,22569854,C,T,s530
6:22742303:C:G,6,22742303,C,G,s531
6:22784938:G:C,6,22784938,G,C,s532
6:23177654:A:G,6,23177654,A,G,s533
6:23596459:C:G,6,23596459,C,G,s534
6:25115870:T:G,6,25115870,T,G,s535
6:2557668:G:C,6,2557668,G,C,s536
6:29570743:A:G,6,29570743,A,G,s537
6:30933530:C:A,6,30933530,C,A,s538
6:3190969:G:C,6,3190969,G,C,s539
6:36280216:A:G,6,36280216,A,G,s540
6:397179:G:C,6,397179,G,C,s541
6:39812691:C:G,6,39812691,C,G,s542
6:42130982:T:A,6,42130982,T,A,s543
6:42364732:T:C,6,42364732,T,C,s544
6:43219712:C:T,6,43219712,C,T,s545
6:51485448:G:A,6,51485448,G,A,s546
6:54090344:C:A,6,54090344,C,A,s547
6:54318433:A:T,6,54318433,A,T,s548
6:57336384:A:T,6,57336384,A,T,s549
6:57445104:C:G,6,57445104,C,G,s550
6:57482719:A:C,6,57482719,A,C,s551
6:57492690:A:T,6,57492690,A,T,s552
6:57593831:T:A,6,57593831,T,A,s553
6:57986591:C:A,6,57986591,C,A,s554
6:8829271:G:C,6,8829271,G,C,s555
6:9594793:A:G,6,9594793,A,G,s556
7:135540985:A:G,7,135540985,A,G,s557
7:31126657:A:G,7,31126657,A,G,s558
7:34821885:C:T,7,34821885,C,T,s559
7:45285700:C:T,7,45285700,C,T,s560
8:100112291:C:A,8,100112291,C,A,s561
8:101193869:C:G,8,101193869,C,G,s562
8:101430312:C:A,8,101430312,C,A,s563
8:102101843:C:T,8,102101843,C,T,s564
8:103036879:C:G,8,103036879,C,G,s565
8:103633473:T:G,8,103633473,T,G,s566
8:103649457:C:A,8,103649457,C,A,s567
8:104111569:G:T,8,104111569,G,T,s568
8:104150724:C:G,8,104150724,C,G,s569
8:105627313:A:T,8,105627313,A,T,s570
8:105898762:G:T,8,105898762,G,T,s571
8:107779096:A:T,8,107779096,A,T,s572
8:107826951:C:T,8,107826951,C,T,s573
8:109653390:G:T,8,109653390,G,T,s574
8:110109877:T:G,8,110109877,T,G,s575
8:110243338:C:T,8,110243338,C,T,s576
8:110941990:C:A,8,110941990,C,A,s577
8:111117797:C:T,8,111117797,C,T,s578
8:112128892:C:A,8,112128892,C,A,s579
8:112152846:G:A,8,112152846,G,A,s580
8:112383662:A:T,8,112383662,A,T,s581
8:113151783:C:T,8,113151783,C,T,s582
8:113482076:T:C,8,113482076,T,C,s583
8:113626576:T:A,8,113626576,T,A,s584
8:113626763:G:A,8,113626763,G,A,s585
8:113914732:C:T,8,113914732,C,T,s586
8:115872706:G:T,8,115872706,G,T,s587
8:116283979:G:A,8,116283979,G,A,s588
8:116709610:C:A,8,116709610,C,A,s589
8:116982561:G:A,8,116982561,G,A,s590
8:117036488:T:C,8,117036488,T,C,s591
8:117368438:T:G,8,117368438,T,G,s592
8:117743410:C:A,8,117743410,C,A,s593
8:117888754:G:A,8,117888754,G,A,s594
8:118042285:C:T,8,118042285,C,T,s595
8:118099355:G:A,8,118099355,G,A,s596
8:118146008:T:G,8,118146008,T,G,s597
8:118184677:C:A,8,118184677,C,A,s598
8:118688866:C:T,8,118688866,C,T,s599
8:119253876:A:C,8,119253876,A,C,s600
8:119729171:T:C,8,119729171,T,C,s601
8:120140029:A:G,8,120140029,A,G,s602
8:120257126:C:A,8,120257126,C,A,s603
8:120532947:C:G,8,120532947,C,G,s604
8:120915783:G:T,8,120915783,G,T,s605
8:120923931:A:T,8,120923931,A,T,s606
8:120985871:C:T,8,120985871,C,T,s607
8:121685013:C:T,8,121685013,C,T,s608
8:121725279:A:C,8,121725279,A,C,s609
8:121725280:G:T,8,121725280,G,T,s610
8:121807650:C:A,8,121807650,C,A,s611
8:121840853:G:A,8,121840853,G,A,s612
8:121847149:C:T,8,121847149,C,T,s613
8:122001083:A:T,8,122001083,A,T,s614
8:122548065:C:G,8,122548065,C,G,s615
8:122557956:G:A,8,122557956,G,A,s616
8:122688473:A:T,8,122688473,A,T,s617
8:122749668:G:T,8,122749668,G,T,s618
8:122872182:C:G,8,122872182,C,G,s619
8:123539244:A:G,8,123539244,A,G,s620
8:123626776:C:T,8,123626776,C,T,s621
8:123635369:T:C,8,123635369,T,C,s622
8:123908278:A:G,8,123908278,A,G,s623
8:124419445:G:T,8,124419445,G,T,s624
8:124665235:G:T,8,124665235,G,T,s625
8:125073674:C:A,8,125073674,C,A,s626
8:125286553:A:G,8,125286553,A,G,s627
8:125900674:G:C,8,125900674,G,C,s628
8:126637518:C:T,8,126637518,C,T,s629
8:126811458:T:A,8,126811458,T,A,s630
8:127114974:G:A,8,127114974,G,A,s631
8:127301110:C:T,8,127301110,C,T,s632
8:127740210:C:T,8,127740210,C,T,s633
8:128001887:T:C,8,128001887,T,C,s634
8:128587197:G:C,8,128587197,G,C,s635
8:128725547:G:T,8,128725547,G,T,s636
8:129132544:C:A,8,129132544,C,A,s637
8:129281165:C:G,8,129281165,C,G,s638
8:130052564:A:C,8,130052564,A,C,s639
8:130123273:G:A,8,130123273,G,A,s640
8:130649093:C:T,8,130649093,C,T,s641
8:130870675:G:A,8,130870675,G,A,s642
8:130870676:G:A,8,130870676,G,A,s643
8:131059859:C:T,8,131059859,C,T,s644
8:131130008:T:C,8,131130008,T,C,s645
8:131253040:C:A,8,131253040,C,A,s646
8:131329676:T:C,8,131329676,T,C,s647
8:131347619:G:A,8,131347619,G,A,s648
8:131620776:A:G,8,131620776,A,G,s649
8:131709491:G:A,8,131709491,G,A,s650
8:131878006:T:A,8,131878006,T,A,s651
8:131948680:C:G,8,131948680,C,G,s652
8:131981516:C:T,8,131981516,C,T,s653
8:132022944:C:T,8,132022944,C,T,s654
8:132552057:T:C,8,132552057,T,C,s655
8:133027100:G:T,8,133027100,G,T,s656
8:133046154:G:T,8,133046154,G,T,s657
8:133213412:C:T,8,133213412,C,T,s658
8:133777862:G:A,8,133777862,G,A,s659
8:133875470:C:A,8,133875470,C,A,s660
8:133932411:G:A,8,133932411,G,A,s661
8:134018799:A:C,8,134018799,A,C,s662
8:134090217:C:A,8,134090217,C,A,s663
8:134111487:C:G,8,134111487,C,G,s664
8:134118457:A:T,8,134118457,A,T,s665
8:134384525:C:T,8,134384525,C,T,s666
8:134620830:A:T,8,134620830,A,T,s667
8:134634456:A:T,8,134634456,A,T,s668
8:134758133:C:A,8,134758133,C,A,s669
8:135046111:A:G,8,135046111,A,G,s670
8:135057665:G:T,8,135057665,G,T,s671
8:135343590:C:A,8,135343590,C,A,s672
8:135495402:C:T,8,135495402,C,T,s673
8:135570911:C:A,8,135570911,C,A,s674
8:135722139:C:A,8,135722139,C,A,s675
8:135910982:A:G,8,135910982,A,G,s676
8:136172738:A:G,8,136172738,A,G,s677
8:136211874:C:T,8,136211874,C,T,s678
8:136245797:A:G,8,136245797,A,G,s679
8:136341859:C:G,8,136341859,C,G,s680
8:136437945:A:T,8,136437945,A,T,s681
8:136470828:G:A,8,136470828,G,A,s682
8:136678313:T:C,8,136678313,T,C,s683
8:136682094:A:G,8,136682094,A,G,s684
8:136758250:C:A,8,136758250,C,A,s685
8:136984173:G:A,8,136984173,G,A,s686
8:137063657:T:A,8,137063657,T,A,s687
8:137143880:T:C,8,137143880,T,C,s688
8:137308969:C:T,8,137308969,C,T,s689
8:137681895:T:G,8,137681895,T,G,s690
8:137753223:C:A,8,137753223,C,A,s691
8:137907952:T:G,8,137907952,T,G,s692
8:138091293:A:C,8,138091293,A,C,s693
8:138731922:G:A,8,138731922,G,A,s694
8:138835955:T:A,8,138835955,T,A,s695
8:138871007:C:A,8,138871007,C,A,s696
8:138871008:C:T,8,138871008,C,T,s697
8:138875079:G:A,8,138875079,G,A,s698
8:139073193:C:A,8,139073193,C,A,s699
8:139077167:G:T,8,139077167,G,T,s700
8:139116078:A:T,8,139116078,A,T,s701
8:139198194:C:T,8,139198194,C,T,s702
8:139208426:A:G,8,139208426,A,G,s703
8:139222055:C:A,8,139222055,C,A,s704
8:139269515:T:A,8,139269515,T,A,s705
8:139471214:T:A,8,139471214,T,A,s706
8:139549662:A:G,8,139549662,A,G,s707
8:139668485:C:A,8,139668485,C,A,s708
8:139752454:A:T,8,139752454,A,T,s709
8:139842924:G:T,8,139842924,G,T,s710
8:139896289:T:A,8,139896289,T,A,s711
8:139998175:C:A,8,139998175,C,A,s712
8:140247635:T:A,8,140247635,T,A,s713
8:140661812:G:A,8,140661812,G,A,s714
8:140673587:G:C,8,140673587,G,C,s715
8:140899981:G:T,8,140899981,G,T,s716
8:141455372:T:A,8,141455372,T,A,s717
8:141544714:C:T,8,141544714,C,T,s718
8:141556469:A:T,8,141556469,A,T,s719
8:141616191:T:C,8,141616191,T,C,s720
8:142169229:C:T,8,142169229,C,T,s721
8:142220639:C:A,8,142220639,C,A,s722
8:142361318:G:C,8,142361318,G,C,s723
8:142412528:C:G,8,142412528,C,G,s724
8:142555983:C:T,8,142555983,C,T,s725
8:142659141:C:T,8,142659141,C,T,s726
8:142660028:G:C,8,142660028,G,C,s727
8:142684841:G:A,8,142684841,G,A,s728
8:142688638:G:A,8,142688638,G,A,s729
8:142689203:C:T,8,142689203,C,T,s730
8:142730771:A:C,8,142730771,A,C,s731
8:142884165:C:T,8,142884165,C,T,s732
8:142885745:T:C,8,142885745,T,C,s733
8:142885747:C:A,8,142885747,C,A,s734
8:142923662:G:T,8,142923662,G,T,s735
8:142983568:G:A,8,142983568,G,A,s736
8:143485819:C:A,8,143485819,C,A,s737
8:143866667:G:A,8,143866667,G,A,s738
8:144165348:G:A,8,144165348,G,A,s739
8:144167182:A:G,8,144167182,A,G,s740
8:144172238:G:A,8,144172238,G,A,s741
8:144308779:G:T,8,144308779,G,T,s742
8:145081526:C:A,8,145081526,C,A,s743
8:145684609:C:G,8,145684609,C,G,s744
8:145770028:G:C,8,145770028,G,C,s745
8:2232008:G:T,8,2232008,G,T,s746
8:2261084:G:A,8,2261084,G,A,s747
8:75736699:C:A,8,75736699,C,A,s748
8:77603287:C:T,8,77603287,C,T,s749
8:78738896:C:A,8,78738896,C,A,s750
8:79992914:G:T,8,79992914,G,T,s751
8:80996385:G:C,8,80996385,G,C,s752
8:81163993:C:T,8,81163993,C,T,s753
8:81622133:C:A,8,81622133,C,A,s754
8:81703975:G:C,8,81703975,G,C,s755
8:81856033:T:C,8,81856033,T,C,s756
8:82185386:C:T,8,82185386,C,T,s757
8:84366070:C:T,8,84366070,C,T,s758
8:85138180:A:G,8,85138180,A,G,s759
8:85731934:G:A,8,85731934,G,A,s760
8:85731935:G:A,8,85731935,G,A,s761
8:88416259:A:T,8,88416259,A,T,s762
8:88674555:G:T,8,88674555,G,T,s763
8:90006009:T:A,8,90006009,T,A,s764
8:90329477:C:G,8,90329477,C,G,s765
8:90824942:T:C,8,90824942,T,C,s766
8:91008819:G:T,8,91008819,G,T,s767
8:92156572:C:A,8,92156572,C,A,s768
8:92392948:C:T,8,92392948,C,T,s769
8:92453118:T:A,8,92453118,T,A,s770
8:92718357:T:G,8,92718357,T,G,s771
8:92871266:A:T,8,92871266,A,T,s772
8:93335111:G:A,8,93335111,G,A,s773
8:93562628:A:C,8,93562628,A,C,s774
8:93985289:G:A,8,93985289,G,A,s775
8:94028975:G:A,8,94028975,G,A,s776
8:94595928:A:G,8,94595928,A,G,s777
8:94996561:A:G,8,94996561,A,G,s778
8:95050756:G:T,8,95050756,G,T,s779
8:95070155:A:T,8,95070155,A,T,s780
8:95262737:A:T,8,95262737,A,T,s781
8:97097247:T:A,8,97097247,T,A,s782
8:97099650:C:A,8,97099650,C,A,s783
8:97876720:T:C,8,97876720,T,C,s784
8:98325993:A:T,8,98325993,A,T,s785
8:98413399:C:T,8,98413399,C,T,s786
8:99166875:G:A,8,99166875,G,A,s787
8:99770344:A:C,8,99770344,A,C,s788
